"Status van bewoning","Perioden","Regio's","Totale woningvoorraad (aantal)","Koopwoningen (aantal)","Huurwoningen Totaal huurwoningen (aantal)","Eigendom woningcorporatie (aantal)","Eigendom overige verhuurders (aantal)","Eigendom onbekend (aantal)"
"Totaal","2012","Nederland","7.386.743","4.182.889","3.121.980","2.269.883","852.097","81.874"
"Totaal","2013","Nederland","7.449.298","4.216.760","3.171.057","2.277.246","893.811","61.481"
"Totaal","2014","Nederland","7.535.315","4.238.259","3.217.156","2.275.389","941.767","79.900"
"Totaal","2015","Nederland","7.587.964","4.266.966","3.244.238","2.304.505","939.733","76.760"
"Totaal","2016","Nederland","7.641.323","4.300.406","3.256.930","2.281.742","975.188","83.987"
"Totaal","2017","Nederland","7.686.178","4.321.868","3.283.957","2.273.731","1.010.226","80.353"
"Totaal","2018","Nederland","7.740.984","4.386.769","3.275.965","2.268.383","1.007.582","78.250"
"Totaal","2019","Nederland","7.814.912","4.487.894","3.299.639","2.300.031","999.608","27.379"
"Totaal","2020","Nederland","7.891.786","4.517.921","3.357.721","2.298.885","1.058.836","16.144"
"Totaal","2021","Nederland","7.966.331","4.549.480","3.401.779","2.301.737","1.100.042","15.072"
"Totaal","2022","Nederland","8.045.580","4.597.518","3.434.455","2.305.772","1.128.683","13.607"
"Totaal","2023","Nederland","8.125.229","4.634.411","3.479.588","2.312.981","1.166.607","11.230"
"Totaal","2024","Nederland","8.204.049","4.686.647","3.508.252","2.321.421","1.186.831","9.150"
"Totaal","2025","Nederland","8.274.478","4.754.054","3.512.149","2.331.463","1.180.686","8.275"
"Totaal","2012","Groningen (PV)","265.332","148.239","113.659","80.729","32.930","3.434"
"Totaal","2013","Groningen (PV)","267.466","148.656","116.356","81.662","34.694","2.454"
"Totaal","2014","Groningen (PV)","271.087","148.758","119.653","82.403","37.250","2.676"
"Totaal","2015","Groningen (PV)","272.774","148.949","121.738","85.546","36.192","2.087"
"Totaal","2016","Groningen (PV)","274.719","149.548","122.718","84.886","37.832","2.453"
"Totaal","2017","Groningen (PV)","276.728","150.040","124.247","84.418","39.829","2.441"
"Totaal","2018","Groningen (PV)","277.113","151.975","122.368","82.673","39.695","2.770"
"Totaal","2019","Groningen (PV)","279.662","154.284","124.154","83.606","40.548","1.224"
"Totaal","2020","Groningen (PV)","282.047","154.584","126.577","83.182","43.395","886"
"Totaal","2021","Groningen (PV)","285.012","154.924","129.577","82.335","47.242","511"
"Totaal","2022","Groningen (PV)","287.568","156.070","130.807","82.121","48.686","691"
"Totaal","2023","Groningen (PV)","290.562","157.104","132.971","82.773","50.198","487"
"Totaal","2024","Groningen (PV)","292.812","158.617","133.780","82.555","51.225","415"
"Totaal","2025","Groningen (PV)","294.248","160.526","133.368","82.669","50.699","354"
"Totaal","2012","Fryslân (PV)","287.340","177.956","107.223","81.989","25.234","2.161"
"Totaal","2013","Fryslân (PV)","289.380","179.362","108.550","82.117","26.433","1.468"
"Totaal","2014","Fryslân (PV)","292.180","179.270","110.097","81.917","28.180","2.813"
"Totaal","2015","Fryslân (PV)","294.169","179.774","110.938","82.448","28.490","3.457"
"Totaal","2016","Fryslân (PV)","295.540","180.232","111.384","81.158","30.226","3.924"
"Totaal","2017","Fryslân (PV)","296.463","180.920","111.652","80.717","30.935","3.891"
"Totaal","2018","Fryslân (PV)","298.425","183.424","110.940","80.727","30.213","4.061"
"Totaal","2019","Fryslân (PV)","300.238","187.147","112.051","82.033","30.018","1.040"
"Totaal","2020","Fryslân (PV)","302.578","187.891","114.198","81.764","32.434","489"
"Totaal","2021","Fryslân (PV)","304.693","188.927","115.309","81.582","33.727","457"
"Totaal","2022","Fryslân (PV)","306.633","190.414","115.806","81.393","34.413","413"
"Totaal","2023","Fryslân (PV)","308.768","191.615","116.822","81.268","35.554","331"
"Totaal","2024","Fryslân (PV)","310.787","192.885","117.573","81.325","36.248","329"
"Totaal","2025","Fryslân (PV)","312.294","194.439","117.586","81.292","36.294","269"
"Totaal","2012","Drenthe (PV)","219.432","141.292","74.184","55.065","19.119","3.956"
"Totaal","2013","Drenthe (PV)","214.890","140.359","72.753","53.972","18.781","1.778"
"Totaal","2014","Drenthe (PV)","218.025","141.011","74.462","53.915","20.547","2.552"
"Totaal","2015","Drenthe (PV)","218.383","141.242","74.689","53.918","20.771","2.452"
"Totaal","2016","Drenthe (PV)","218.625","142.054","73.893","53.840","20.053","2.678"
"Totaal","2017","Drenthe (PV)","219.240","142.197","74.289","53.850","20.439","2.754"
"Totaal","2018","Drenthe (PV)","220.818","143.746","74.308","54.001","20.307","2.764"
"Totaal","2019","Drenthe (PV)","222.197","146.740","74.835","55.658","19.177","622"
"Totaal","2020","Drenthe (PV)","223.251","147.267","75.727","55.294","20.433","257"
"Totaal","2021","Drenthe (PV)","224.556","148.079","76.185","55.363","20.822","292"
"Totaal","2022","Drenthe (PV)","226.319","149.684","76.410","55.358","21.052","225"
"Totaal","2023","Drenthe (PV)","227.907","150.708","76.973","55.285","21.688","226"
"Totaal","2024","Drenthe (PV)","229.268","152.072","77.002","55.201","21.801","194"
"Totaal","2025","Drenthe (PV)","230.308","153.409","76.858","55.303","21.555","41"
"Totaal","2012","Overijssel (PV)","482.572","289.489","188.045","139.728","48.317","5.038"
"Totaal","2013","Overijssel (PV)","485.391","291.336","190.267","139.803","50.464","3.788"
"Totaal","2014","Overijssel (PV)","487.577","291.816","190.849","138.616","52.233","4.912"
"Totaal","2015","Overijssel (PV)","490.227","293.657","191.563","141.475","50.088","5.007"
"Totaal","2016","Overijssel (PV)","493.757","295.204","193.294","139.384","53.910","5.259"
"Totaal","2017","Overijssel (PV)","497.361","295.865","196.326","140.491","55.835","5.170"
"Totaal","2018","Overijssel (PV)","499.951","302.439","192.810","139.420","53.390","4.702"
"Totaal","2019","Overijssel (PV)","505.343","308.443","195.612","140.656","54.956","1.288"
"Totaal","2020","Overijssel (PV)","510.296","310.844","198.869","140.851","58.018","583"
"Totaal","2021","Overijssel (PV)","514.993","313.196","201.337","141.108","60.229","460"
"Totaal","2022","Overijssel (PV)","518.558","316.305","201.848","140.803","61.045","405"
"Totaal","2023","Overijssel (PV)","522.916","318.872","203.713","140.898","62.815","331"
"Totaal","2024","Overijssel (PV)","527.085","322.410","204.374","141.046","63.328","301"
"Totaal","2025","Overijssel (PV)","531.840","326.604","205.012","142.159","62.853","224"
"Totaal","2012","Flevoland (PV)","158.061","101.537","55.003","43.040","11.963","1.521"
"Totaal","2013","Flevoland (PV)","159.496","102.522","56.134","42.861","13.273","840"
"Totaal","2014","Flevoland (PV)","161.512","103.306","57.343","43.016","14.327","863"
"Totaal","2015","Flevoland (PV)","162.731","104.143","57.660","43.158","14.502","928"
"Totaal","2016","Flevoland (PV)","162.918","104.778","57.357","43.306","14.051","783"
"Totaal","2017","Flevoland (PV)","164.229","105.313","58.212","43.218","14.994","704"
"Totaal","2018","Flevoland (PV)","166.487","106.430","59.225","43.262","15.963","832"
"Totaal","2019","Flevoland (PV)","169.237","110.598","58.364","44.594","13.770","275"
"Totaal","2020","Flevoland (PV)","172.227","112.198","59.952","45.006","14.946","77"
"Totaal","2021","Flevoland (PV)","174.659","113.347","61.212","45.257","15.955","100"
"Totaal","2022","Flevoland (PV)","178.000","115.429","62.495","46.074","16.421","76"
"Totaal","2023","Flevoland (PV)","181.165","116.844","64.236","46.274","17.962","85"
"Totaal","2024","Flevoland (PV)","184.425","118.533","65.830","46.833","18.997","62"
"Totaal","2025","Flevoland (PV)","187.199","120.220","66.917","47.639","19.278","62"
"Totaal","2012","Gelderland (PV)","845.193","507.201","325.027","237.027","88.000","12.965"
"Totaal","2013","Gelderland (PV)","859.847","512.172","335.863","240.283","95.580","11.812"
"Totaal","2014","Gelderland (PV)","869.410","514.963","341.602","239.009","102.593","12.845"
"Totaal","2015","Gelderland (PV)","877.662","519.076","347.177","245.867","101.310","11.409"
"Totaal","2016","Gelderland (PV)","885.679","524.949","348.599","245.736","102.863","12.131"
"Totaal","2017","Gelderland (PV)","888.062","527.228","349.182","242.281","106.901","11.652"
"Totaal","2018","Gelderland (PV)","893.989","537.999","346.053","244.078","101.975","9.937"
"Totaal","2019","Gelderland (PV)","903.256","550.266","349.417","248.714","100.703","3.573"
"Totaal","2020","Gelderland (PV)","912.372","555.930","354.888","248.696","106.192","1.554"
"Totaal","2021","Gelderland (PV)","922.524","561.826","359.581","249.428","110.153","1.117"
"Totaal","2022","Gelderland (PV)","932.116","568.530","362.869","250.096","112.773","717"
"Totaal","2023","Gelderland (PV)","940.858","573.452","366.808","250.617","116.191","598"
"Totaal","2024","Gelderland (PV)","950.582","579.958","370.183","252.218","117.965","441"
"Totaal","2025","Gelderland (PV)","958.405","587.217","370.755","254.305","116.450","433"
"Totaal","2012","Utrecht (PV)","528.124","303.721","215.302","153.353","61.949","9.101"
"Totaal","2013","Utrecht (PV)","534.592","307.541","221.205","154.208","66.997","5.846"
"Totaal","2014","Utrecht (PV)","539.078","308.395","224.440","153.103","71.337","6.243"
"Totaal","2015","Utrecht (PV)","543.473","310.707","225.860","155.523","70.337","6.906"
"Totaal","2016","Utrecht (PV)","548.114","313.875","227.499","153.959","73.540","6.740"
"Totaal","2017","Utrecht (PV)","554.305","316.916","230.281","153.801","76.480","7.108"
"Totaal","2018","Utrecht (PV)","557.564","319.764","231.170","153.840","77.330","6.630"
"Totaal","2019","Utrecht (PV)","578.906","339.464","237.872","160.241","77.631","1.570"
"Totaal","2020","Utrecht (PV)","585.924","342.060","242.976","160.642","82.334","888"
"Totaal","2021","Utrecht (PV)","593.799","344.137","248.614","161.984","86.630","1.048"
"Totaal","2022","Utrecht (PV)","601.096","348.377","251.891","162.723","89.168","828"
"Totaal","2023","Utrecht (PV)","608.195","351.254","256.169","163.310","92.859","772"
"Totaal","2024","Utrecht (PV)","614.559","355.106","258.972","164.608","94.364","481"
"Totaal","2025","Utrecht (PV)","620.062","360.332","259.212","165.347","93.865","518"
"Totaal","2012","Noord-Holland (PV)","1.253.521","620.197","619.294","432.874","186.420","14.030"
"Totaal","2013","Noord-Holland (PV)","1.262.787","627.582","624.358","431.082","193.276","10.847"
"Totaal","2014","Noord-Holland (PV)","1.278.533","632.826","632.575","429.679","202.896","13.132"
"Totaal","2015","Noord-Holland (PV)","1.287.671","640.136","637.529","435.314","202.215","10.006"
"Totaal","2016","Noord-Holland (PV)","1.300.094","647.361","640.877","429.352","211.525","11.856"
"Totaal","2017","Noord-Holland (PV)","1.307.353","651.685","644.568","426.362","218.206","11.100"
"Totaal","2018","Noord-Holland (PV)","1.318.336","663.831","643.922","425.818","218.104","10.583"
"Totaal","2019","Noord-Holland (PV)","1.334.099","677.299","653.156","433.585","219.571","3.644"
"Totaal","2020","Noord-Holland (PV)","1.348.750","680.718","665.456","431.439","234.017","2.576"
"Totaal","2021","Noord-Holland (PV)","1.359.800","684.465","673.017","432.776","240.241","2.318"
"Totaal","2022","Noord-Holland (PV)","1.376.949","692.435","682.316","434.956","247.360","2.198"
"Totaal","2023","Noord-Holland (PV)","1.392.040","697.661","692.752","437.156","255.596","1.627"
"Totaal","2024","Noord-Holland (PV)","1.405.033","706.594","696.967","437.722","259.245","1.472"
"Totaal","2025","Noord-Holland (PV)","1.420.068","720.773","697.948","439.734","258.214","1.347"
"Totaal","2012","Zuid-Holland (PV)","1.605.446","820.320","769.570","562.432","207.138","15.556"
"Totaal","2013","Zuid-Holland (PV)","1.618.645","827.244","778.693","563.067","215.626","12.708"
"Totaal","2014","Zuid-Holland (PV)","1.636.097","832.573","786.333","561.068","225.265","17.191"
"Totaal","2015","Zuid-Holland (PV)","1.647.422","839.841","789.375","566.308","223.067","18.206"
"Totaal","2016","Zuid-Holland (PV)","1.657.234","847.024","791.373","558.331","233.042","18.837"
"Totaal","2017","Zuid-Holland (PV)","1.666.690","852.835","796.788","557.643","239.145","17.067"
"Totaal","2018","Zuid-Holland (PV)","1.677.634","861.111","798.824","554.990","243.834","17.699"
"Totaal","2019","Zuid-Holland (PV)","1.675.517","875.435","793.487","554.827","238.660","6.595"
"Totaal","2020","Zuid-Holland (PV)","1.692.888","881.914","807.272","555.587","251.685","3.702"
"Totaal","2021","Zuid-Holland (PV)","1.709.692","887.826","818.285","555.477","262.808","3.581"
"Totaal","2022","Zuid-Holland (PV)","1.724.095","896.328","824.925","554.982","269.943","2.842"
"Totaal","2023","Zuid-Holland (PV)","1.739.207","904.057","832.830","555.007","277.823","2.320"
"Totaal","2024","Zuid-Holland (PV)","1.757.692","915.432","840.599","557.541","283.058","1.661"
"Totaal","2025","Zuid-Holland (PV)","1.773.458","931.678","840.161","558.574","281.587","1.619"
"Totaal","2012","Zeeland (PV)","181.244","118.324","61.595","43.105","18.490","1.325"
"Totaal","2013","Zeeland (PV)","180.369","117.750","61.712","43.364","18.348","907"
"Totaal","2014","Zeeland (PV)","182.368","117.631","62.694","43.190","19.504","2.043"
"Totaal","2015","Zeeland (PV)","182.668","118.288","62.533","43.196","19.337","1.847"
"Totaal","2016","Zeeland (PV)","183.611","118.997","62.351","43.029","19.322","2.263"
"Totaal","2017","Zeeland (PV)","184.354","119.028","63.069","42.860","20.209","2.257"
"Totaal","2018","Zeeland (PV)","185.264","120.926","62.063","42.648","19.415","2.275"
"Totaal","2019","Zeeland (PV)","186.528","123.844","60.133","42.406","17.727","2.551"
"Totaal","2020","Zeeland (PV)","187.611","124.132","61.337","42.201","19.136","2.142"
"Totaal","2021","Zeeland (PV)","188.560","125.046","61.276","41.683","19.593","2.238"
"Totaal","2022","Zeeland (PV)","189.397","126.327","60.894","41.216","19.678","2.176"
"Totaal","2023","Zeeland (PV)","190.577","127.223","61.401","41.483","19.918","1.953"
"Totaal","2024","Zeeland (PV)","192.356","128.762","61.844","41.338","20.506","1.750"
"Totaal","2025","Zeeland (PV)","193.454","130.061","61.757","41.241","20.516","1.636"
"Totaal","2012","Noord-Brabant (PV)","1.050.418","646.933","395.889","302.093","93.796","7.596"
"Totaal","2013","Noord-Brabant (PV)","1.062.383","653.545","403.608","305.423","98.185","5.230"
"Totaal","2014","Noord-Brabant (PV)","1.078.782","656.849","413.771","308.949","104.822","8.162"
"Totaal","2015","Noord-Brabant (PV)","1.087.416","660.865","418.506","310.421","108.085","8.045"
"Totaal","2016","Noord-Brabant (PV)","1.096.399","665.758","420.089","308.258","111.831","10.552"
"Totaal","2017","Noord-Brabant (PV)","1.104.296","668.710","425.705","307.776","117.929","9.881"
"Totaal","2018","Noord-Brabant (PV)","1.116.102","679.262","427.240","308.532","118.708","9.600"
"Totaal","2019","Noord-Brabant (PV)","1.128.847","693.058","433.115","313.769","119.346","2.674"
"Totaal","2020","Noord-Brabant (PV)","1.140.611","698.249","440.977","314.525","126.452","1.385"
"Totaal","2021","Noord-Brabant (PV)","1.151.426","703.732","446.421","314.933","131.488","1.273"
"Totaal","2022","Noord-Brabant (PV)","1.164.414","711.374","451.723","316.470","135.253","1.317"
"Totaal","2023","Noord-Brabant (PV)","1.178.274","717.710","459.618","318.610","141.008","946"
"Totaal","2024","Noord-Brabant (PV)","1.190.837","726.365","463.702","320.264","143.438","770"
"Totaal","2025","Noord-Brabant (PV)","1.201.653","735.719","465.303","322.131","143.172","631"
"Totaal","2012","Limburg (PV)","510.025","307.671","197.174","138.448","58.726","5.180"
"Totaal","2013","Limburg (PV)","514.028","308.685","201.546","139.404","62.142","3.797"
"Totaal","2014","Limburg (PV)","520.664","310.860","203.336","140.524","62.812","6.468"
"Totaal","2015","Limburg (PV)","523.368","310.288","206.670","141.331","65.339","6.410"
"Totaal","2016","Limburg (PV)","524.633","310.626","207.496","140.503","66.993","6.511"
"Totaal","2017","Limburg (PV)","527.097","311.131","209.638","140.314","69.324","6.328"
"Totaal","2018","Limburg (PV)","529.301","315.862","207.042","138.394","68.648","6.397"
"Totaal","2019","Limburg (PV)","531.082","321.316","207.443","139.942","67.501","2.323"
"Totaal","2020","Limburg (PV)","533.231","322.134","209.492","139.698","69.794","1.605"
"Totaal","2021","Limburg (PV)","536.617","323.975","210.965","139.811","71.154","1.677"
"Totaal","2022","Limburg (PV)","540.435","326.245","212.471","139.580","72.891","1.719"
"Totaal","2023","Limburg (PV)","544.760","327.911","215.295","140.300","74.995","1.554"
"Totaal","2024","Limburg (PV)","548.613","329.913","217.426","140.770","76.656","1.274"
"Totaal","2025","Limburg (PV)","551.489","333.076","217.272","141.069","76.203","1.141"
"Bewoonde woningen","2012","Nederland","6.975.208","4.017.623","2.922.982","2.190.987","731.995","34.603"
"Bewoonde woningen","2013","Nederland","7.055.105","4.059.105","2.969.143","2.197.399","771.744","26.857"
"Bewoonde woningen","2014","Nederland","7.143.163","4.087.530","3.017.118","2.200.331","816.787","38.515"
"Bewoonde woningen","2015","Nederland","7.211.229","4.119.362","3.057.052","2.234.114","822.938","34.815"
"Bewoonde woningen","2016","Nederland","7.276.184","4.158.379","3.077.223","2.218.789","858.434","40.582"
"Bewoonde woningen","2017","Nederland","7.331.144","4.189.012","3.102.723","2.211.578","891.145","39.409"
"Bewoonde woningen","2018","Nederland","7.398.054","4.260.602","3.095.275","2.207.510","887.765","42.177"
"Bewoonde woningen","2019","Nederland","7.469.356","4.348.316","3.102.561","2.229.352","873.209","18.479"
"Bewoonde woningen","2020","Nederland","7.547.587","4.380.084","3.157.910","2.229.202","928.708","9.593"
"Bewoonde woningen","2021","Nederland","7.615.576","4.416.428","3.189.735","2.224.222","965.513","9.413"
"Bewoonde woningen","2022","Nederland","7.704.623","4.467.789","3.228.496","2.229.458","999.038","8.338"
"Bewoonde woningen","2023","Nederland","7.777.143","4.497.516","3.273.205","2.237.360","1.035.845","6.422"
"Bewoonde woningen","2024","Nederland","7.856.391","4.548.444","3.303.013","2.246.108","1.056.905","4.934"
"Bewoonde woningen","2025","Nederland","7.916.841","4.609.703","3.302.869","2.256.069","1.046.800","4.269"
"Bewoonde woningen","2012","Groningen (PV)","250.946","142.846","106.455","77.519","28.936","1.645"
"Bewoonde woningen","2013","Groningen (PV)","253.549","143.487","109.064","78.300","30.764","998"
"Bewoonde woningen","2014","Groningen (PV)","257.294","143.726","112.217","79.069","33.148","1.351"
"Bewoonde woningen","2015","Groningen (PV)","259.458","144.116","114.295","81.739","32.556","1.047"
"Bewoonde woningen","2016","Groningen (PV)","261.641","144.866","115.489","81.304","34.185","1.286"
"Bewoonde woningen","2017","Groningen (PV)","263.918","145.709","117.099","81.093","36.006","1.110"
"Bewoonde woningen","2018","Groningen (PV)","264.623","147.923","115.213","79.438","35.775","1.487"
"Bewoonde woningen","2019","Groningen (PV)","266.736","149.799","116.393","79.966","36.427","544"
"Bewoonde woningen","2020","Groningen (PV)","269.174","150.147","118.707","79.696","39.011","320"
"Bewoonde woningen","2021","Groningen (PV)","272.092","150.749","121.030","78.566","42.464","313"
"Bewoonde woningen","2022","Groningen (PV)","274.319","151.817","122.072","78.374","43.698","430"
"Bewoonde woningen","2023","Groningen (PV)","276.283","152.642","123.371","78.482","44.889","270"
"Bewoonde woningen","2024","Groningen (PV)","278.451","154.071","124.168","78.283","45.885","212"
"Bewoonde woningen","2025","Groningen (PV)","279.266","155.858","123.258","78.305","44.953","150"
"Bewoonde woningen","2012","Fryslân (PV)","270.451","169.582","100.089","79.259","20.830","780"
"Bewoonde woningen","2013","Fryslân (PV)","273.618","171.572","101.427","79.289","22.138","619"
"Bewoonde woningen","2014","Fryslân (PV)","276.925","172.209","102.976","79.079","23.897","1.740"
"Bewoonde woningen","2015","Fryslân (PV)","279.129","172.920","103.974","79.906","24.068","2.235"
"Bewoonde woningen","2016","Fryslân (PV)","280.642","173.612","104.523","78.759","25.764","2.507"
"Bewoonde woningen","2017","Fryslân (PV)","282.194","174.594","105.066","78.342","26.724","2.534"
"Bewoonde woningen","2018","Fryslân (PV)","284.229","177.375","104.105","78.391","25.714","2.749"
"Bewoonde woningen","2019","Fryslân (PV)","286.136","180.547","104.845","79.338","25.507","744"
"Bewoonde woningen","2020","Fryslân (PV)","288.553","181.414","106.949","79.013","27.936","190"
"Bewoonde woningen","2021","Fryslân (PV)","290.482","182.718","107.561","78.674","28.887","203"
"Bewoonde woningen","2022","Fryslân (PV)","293.094","184.258","108.669","78.890","29.779","167"
"Bewoonde woningen","2023","Fryslân (PV)","295.028","185.264","109.660","78.970","30.690","104"
"Bewoonde woningen","2024","Fryslân (PV)","297.428","186.467","110.837","79.212","31.625","124"
"Bewoonde woningen","2025","Fryslân (PV)","298.704","187.835","110.796","79.048","31.748","73"
"Bewoonde woningen","2012","Drenthe (PV)","202.528","134.508","67.253","52.278","14.975","767"
"Bewoonde woningen","2013","Drenthe (PV)","203.396","135.288","67.563","51.970","15.593","545"
"Bewoonde woningen","2014","Drenthe (PV)","206.059","136.123","68.710","51.895","16.815","1.226"
"Bewoonde woningen","2015","Drenthe (PV)","207.047","136.510","69.337","51.928","17.409","1.200"
"Bewoonde woningen","2016","Drenthe (PV)","208.139","137.490","69.140","52.227","16.913","1.509"
"Bewoonde woningen","2017","Drenthe (PV)","209.596","138.003","69.905","52.307","17.598","1.688"
"Bewoonde woningen","2018","Drenthe (PV)","211.271","139.799","69.693","52.358","17.335","1.779"
"Bewoonde woningen","2019","Drenthe (PV)","212.724","142.573","69.713","53.382","16.331","438"
"Bewoonde woningen","2020","Drenthe (PV)","214.405","143.518","70.698","53.081","17.617","189"
"Bewoonde woningen","2021","Drenthe (PV)","215.801","144.465","71.107","52.888","18.219","229"
"Bewoonde woningen","2022","Drenthe (PV)","217.950","146.205","71.575","53.076","18.499","170"
"Bewoonde woningen","2023","Drenthe (PV)","219.060","147.022","71.866","52.967","18.899","172"
"Bewoonde woningen","2024","Drenthe (PV)","220.608","148.326","72.137","53.055","19.082","145"
"Bewoonde woningen","2025","Drenthe (PV)","221.826","149.690","72.118","53.353","18.765","18"
"Bewoonde woningen","2012","Overijssel (PV)","457.187","278.890","175.674","134.294","41.380","2.623"
"Bewoonde woningen","2013","Overijssel (PV)","461.190","281.344","177.992","134.306","43.686","1.854"
"Bewoonde woningen","2014","Overijssel (PV)","464.438","282.714","179.535","133.660","45.875","2.189"
"Bewoonde woningen","2015","Overijssel (PV)","468.017","284.671","181.073","136.616","44.457","2.273"
"Bewoonde woningen","2016","Overijssel (PV)","472.295","286.574","182.867","134.806","48.061","2.854"
"Bewoonde woningen","2017","Overijssel (PV)","476.750","287.776","186.229","136.153","50.076","2.745"
"Bewoonde woningen","2018","Overijssel (PV)","480.112","294.673","182.773","135.426","47.347","2.666"
"Bewoonde woningen","2019","Overijssel (PV)","484.918","299.671","184.320","136.209","48.111","927"
"Bewoonde woningen","2020","Overijssel (PV)","490.153","302.099","187.659","136.600","51.059","395"
"Bewoonde woningen","2021","Overijssel (PV)","494.815","304.875","189.631","136.398","53.233","309"
"Bewoonde woningen","2022","Overijssel (PV)","499.102","308.159","190.681","136.293","54.388","262"
"Bewoonde woningen","2023","Overijssel (PV)","502.424","310.317","191.897","136.110","55.787","210"
"Bewoonde woningen","2024","Overijssel (PV)","506.683","313.485","193.018","136.705","56.313","180"
"Bewoonde woningen","2025","Overijssel (PV)","510.762","317.382","193.247","137.639","55.608","133"
"Bewoonde woningen","2012","Flevoland (PV)","151.636","98.817","52.413","42.043","10.370","406"
"Bewoonde woningen","2013","Flevoland (PV)","153.058","99.930","52.837","41.759","11.078","291"
"Bewoonde woningen","2014","Flevoland (PV)","155.257","100.792","53.876","42.069","11.807","589"
"Bewoonde woningen","2015","Flevoland (PV)","156.665","101.662","54.435","42.215","12.220","568"
"Bewoonde woningen","2016","Flevoland (PV)","158.004","102.688","54.816","42.472","12.344","500"
"Bewoonde woningen","2017","Flevoland (PV)","159.477","103.423","55.627","42.457","13.170","427"
"Bewoonde woningen","2018","Flevoland (PV)","161.787","104.558","56.705","42.468","14.237","524"
"Bewoonde woningen","2019","Flevoland (PV)","164.338","108.614","55.494","43.543","11.951","230"
"Bewoonde woningen","2020","Flevoland (PV)","166.839","109.965","56.833","43.933","12.900","41"
"Bewoonde woningen","2021","Flevoland (PV)","169.308","111.293","57.951","44.132","13.819","64"
"Bewoonde woningen","2022","Flevoland (PV)","172.943","113.449","59.456","44.995","14.461","38"
"Bewoonde woningen","2023","Flevoland (PV)","175.639","114.609","60.975","45.135","15.840","55"
"Bewoonde woningen","2024","Flevoland (PV)","178.843","116.421","62.394","45.612","16.782","28"
"Bewoonde woningen","2025","Flevoland (PV)","181.278","117.909","63.343","46.305","17.038","26"
"Bewoonde woningen","2012","Gelderland (PV)","802.258","489.845","307.177","230.150","77.027","5.236"
"Bewoonde woningen","2013","Gelderland (PV)","817.374","495.786","315.686","232.724","82.962","5.902"
"Bewoonde woningen","2014","Gelderland (PV)","828.566","499.235","322.415","232.661","89.754","6.916"
"Bewoonde woningen","2015","Gelderland (PV)","837.595","503.456","328.636","239.231","89.405","5.503"
"Bewoonde woningen","2016","Gelderland (PV)","846.204","509.886","330.596","239.806","90.790","5.722"
"Bewoonde woningen","2017","Gelderland (PV)","850.558","513.190","332.077","237.064","95.013","5.291"
"Bewoonde woningen","2018","Gelderland (PV)","860.082","524.880","329.418","238.762","90.656","5.784"
"Bewoonde woningen","2019","Gelderland (PV)","869.823","535.771","331.495","242.013","89.482","2.557"
"Bewoonde woningen","2020","Gelderland (PV)","879.751","541.439","337.149","242.757","94.392","1.163"
"Bewoonde woningen","2021","Gelderland (PV)","889.354","547.782","340.759","242.467","98.292","813"
"Bewoonde woningen","2022","Gelderland (PV)","899.901","554.708","344.728","243.507","101.221","465"
"Bewoonde woningen","2023","Gelderland (PV)","906.538","558.572","347.609","243.927","103.682","357"
"Bewoonde woningen","2024","Gelderland (PV)","916.249","565.008","350.994","245.575","105.419","247"
"Bewoonde woningen","2025","Gelderland (PV)","923.850","571.721","351.899","247.783","104.116","230"
"Bewoonde woningen","2012","Utrecht (PV)","501.543","293.295","203.033","148.846","54.187","5.215"
"Bewoonde woningen","2013","Utrecht (PV)","508.502","297.551","208.295","149.581","58.714","2.656"
"Bewoonde woningen","2014","Utrecht (PV)","514.964","299.467","212.207","148.548","63.659","3.290"
"Bewoonde woningen","2015","Utrecht (PV)","520.785","302.136","214.652","151.432","63.220","3.997"
"Bewoonde woningen","2016","Utrecht (PV)","525.923","305.558","216.659","150.260","66.399","3.706"
"Bewoonde woningen","2017","Utrecht (PV)","531.228","309.341","217.972","149.483","68.489","3.915"
"Bewoonde woningen","2018","Utrecht (PV)","535.827","312.367","219.923","150.081","69.842","3.537"
"Bewoonde woningen","2019","Utrecht (PV)","556.706","330.640","224.937","156.267","68.670","1.129"
"Bewoonde woningen","2020","Utrecht (PV)","564.280","333.537","230.125","156.559","73.566","618"
"Bewoonde woningen","2021","Utrecht (PV)","570.582","335.871","233.947","156.969","76.978","764"
"Bewoonde woningen","2022","Utrecht (PV)","578.357","340.231","237.546","157.703","79.843","580"
"Bewoonde woningen","2023","Utrecht (PV)","584.776","342.558","241.682","158.100","83.582","536"
"Bewoonde woningen","2024","Utrecht (PV)","592.044","346.551","245.189","159.738","85.451","304"
"Bewoonde woningen","2025","Utrecht (PV)","596.741","351.488","244.993","160.471","84.522","260"
"Bewoonde woningen","2012","Noord-Holland (PV)","1.183.925","594.092","581.968","417.590","164.378","7.865"
"Bewoonde woningen","2013","Noord-Holland (PV)","1.194.196","601.280","586.955","415.917","171.038","5.961"
"Bewoonde woningen","2014","Noord-Holland (PV)","1.210.593","607.408","595.358","415.901","179.457","7.827"
"Bewoonde woningen","2015","Noord-Holland (PV)","1.222.844","614.930","602.856","422.729","180.127","5.058"
"Bewoonde woningen","2016","Noord-Holland (PV)","1.236.224","623.410","606.288","418.043","188.245","6.526"
"Bewoonde woningen","2017","Noord-Holland (PV)","1.244.490","629.076","609.803","415.117","194.686","5.611"
"Bewoonde woningen","2018","Noord-Holland (PV)","1.254.690","641.594","607.500","413.256","194.244","5.596"
"Bewoonde woningen","2019","Noord-Holland (PV)","1.268.101","653.600","611.927","419.166","192.761","2.574"
"Bewoonde woningen","2020","Noord-Holland (PV)","1.282.812","656.796","624.429","417.765","206.664","1.587"
"Bewoonde woningen","2021","Noord-Holland (PV)","1.291.510","660.506","629.503","417.834","211.669","1.501"
"Bewoonde woningen","2022","Noord-Holland (PV)","1.309.388","669.136","638.962","419.210","219.752","1.290"
"Bewoonde woningen","2023","Noord-Holland (PV)","1.325.701","673.413","651.370","422.001","229.369","918"
"Bewoonde woningen","2024","Noord-Holland (PV)","1.339.321","682.409","656.097","422.364","233.733","815"
"Bewoonde woningen","2025","Noord-Holland (PV)","1.350.048","694.766","654.582","423.652","230.930","700"
"Bewoonde woningen","2012","Zuid-Holland (PV)","1.508.405","785.318","717.519","541.605","175.914","5.568"
"Bewoonde woningen","2013","Zuid-Holland (PV)","1.524.334","793.046","726.228","541.877","184.351","5.060"
"Bewoonde woningen","2014","Zuid-Holland (PV)","1.540.552","799.601","734.228","541.490","192.738","6.723"
"Bewoonde woningen","2015","Zuid-Holland (PV)","1.555.103","807.674","741.509","548.151","193.358","5.920"
"Bewoonde woningen","2016","Zuid-Holland (PV)","1.569.603","815.972","746.038","542.413","203.625","7.593"
"Bewoonde woningen","2017","Zuid-Holland (PV)","1.582.126","823.952","751.565","541.559","210.006","6.609"
"Bewoonde woningen","2018","Zuid-Holland (PV)","1.597.559","834.254","755.206","540.061","215.145","8.099"
"Bewoonde woningen","2019","Zuid-Holland (PV)","1.596.204","846.157","745.212","537.194","208.018","4.835"
"Bewoonde woningen","2020","Zuid-Holland (PV)","1.612.387","852.924","756.926","537.599","219.327","2.537"
"Bewoonde woningen","2021","Zuid-Holland (PV)","1.626.964","860.133","764.271","535.252","229.019","2.560"
"Bewoonde woningen","2022","Zuid-Holland (PV)","1.644.444","869.401","773.037","535.108","237.929","2.006"
"Bewoonde woningen","2023","Zuid-Holland (PV)","1.660.105","875.792","782.793","536.562","246.231","1.520"
"Bewoonde woningen","2024","Zuid-Holland (PV)","1.678.934","887.331","790.559","538.718","251.841","1.044"
"Bewoonde woningen","2025","Zuid-Holland (PV)","1.692.449","902.452","788.915","540.128","248.787","1.082"
"Bewoonde woningen","2012","Zeeland (PV)","162.746","108.477","53.966","41.189","12.777","303"
"Bewoonde woningen","2013","Zeeland (PV)","164.359","109.555","54.604","41.339","13.265","200"
"Bewoonde woningen","2014","Zeeland (PV)","166.065","109.438","55.781","41.399","14.382","846"
"Bewoonde woningen","2015","Zeeland (PV)","167.067","110.367","55.698","41.510","14.188","1.002"
"Bewoonde woningen","2016","Zeeland (PV)","167.939","110.995","55.738","41.480","14.258","1.206"
"Bewoonde woningen","2017","Zeeland (PV)","168.800","111.205","56.273","41.349","14.924","1.322"
"Bewoonde woningen","2018","Zeeland (PV)","169.774","113.359","55.112","41.167","13.945","1.303"
"Bewoonde woningen","2019","Zeeland (PV)","170.805","115.408","54.338","40.742","13.596","1.059"
"Bewoonde woningen","2020","Zeeland (PV)","171.471","116.035","54.865","40.299","14.566","571"
"Bewoonde woningen","2021","Zeeland (PV)","173.241","117.355","55.258","40.256","15.002","628"
"Bewoonde woningen","2022","Zeeland (PV)","174.415","118.550","55.112","39.786","15.326","753"
"Bewoonde woningen","2023","Zeeland (PV)","175.930","119.376","55.988","40.231","15.757","566"
"Bewoonde woningen","2024","Zeeland (PV)","177.020","120.453","56.068","39.978","16.090","499"
"Bewoonde woningen","2025","Zeeland (PV)","177.868","121.476","55.935","39.936","15.999","457"
"Bewoonde woningen","2012","Noord-Brabant (PV)","1.004.985","626.191","375.869","293.481","82.388","2.925"
"Bewoonde woningen","2013","Noord-Brabant (PV)","1.018.080","633.332","382.946","296.923","86.023","1.802"
"Bewoonde woningen","2014","Noord-Brabant (PV)","1.033.135","637.242","392.464","300.089","92.375","3.429"
"Bewoonde woningen","2015","Noord-Brabant (PV)","1.043.904","641.751","398.613","302.557","96.056","3.540"
"Bewoonde woningen","2016","Noord-Brabant (PV)","1.053.306","647.463","401.531","301.445","100.086","4.312"
"Bewoonde woningen","2017","Noord-Brabant (PV)","1.062.773","651.734","406.005","301.110","104.895","5.034"
"Bewoonde woningen","2018","Noord-Brabant (PV)","1.075.779","663.179","407.337","302.116","105.221","5.263"
"Bewoonde woningen","2019","Noord-Brabant (PV)","1.088.147","674.856","411.455","306.339","105.116","1.836"
"Bewoonde woningen","2020","Noord-Brabant (PV)","1.100.330","680.266","419.204","306.987","112.217","860"
"Bewoonde woningen","2021","Noord-Brabant (PV)","1.111.215","686.606","423.798","306.613","117.185","811"
"Bewoonde woningen","2022","Noord-Brabant (PV)","1.125.444","695.249","429.277","307.959","121.318","918"
"Bewoonde woningen","2023","Noord-Brabant (PV)","1.137.172","700.112","436.470","309.718","126.752","590"
"Bewoonde woningen","2024","Noord-Brabant (PV)","1.148.718","708.221","440.060","311.014","129.046","437"
"Bewoonde woningen","2025","Noord-Brabant (PV)","1.158.979","716.827","441.817","313.219","128.598","335"
"Bewoonde woningen","2012","Limburg (PV)","478.598","295.762","181.566","132.733","48.833","1.270"
"Bewoonde woningen","2013","Limburg (PV)","483.449","296.934","185.546","133.414","52.132","969"
"Bewoonde woningen","2014","Limburg (PV)","489.315","299.575","187.351","134.471","52.880","2.389"
"Bewoonde woningen","2015","Limburg (PV)","493.615","299.169","191.974","136.100","55.874","2.472"
"Bewoonde woningen","2016","Limburg (PV)","496.264","299.865","193.538","135.774","57.764","2.861"
"Bewoonde woningen","2017","Limburg (PV)","499.234","301.009","195.102","135.544","59.558","3.123"
"Bewoonde woningen","2018","Limburg (PV)","502.321","306.641","192.290","133.986","58.304","3.390"
"Bewoonde woningen","2019","Limburg (PV)","504.718","310.680","192.432","135.193","57.239","1.606"
"Bewoonde woningen","2020","Limburg (PV)","507.432","311.944","194.366","134.913","59.453","1.122"
"Bewoonde woningen","2021","Limburg (PV)","510.212","314.075","194.919","134.173","60.746","1.218"
"Bewoonde woningen","2022","Limburg (PV)","515.266","316.626","197.381","134.557","62.824","1.259"
"Bewoonde woningen","2023","Limburg (PV)","518.487","317.839","199.524","135.157","64.367","1.124"
"Bewoonde woningen","2024","Limburg (PV)","522.092","319.701","201.492","135.854","65.638","899"
"Bewoonde woningen","2025","Limburg (PV)","525.070","322.299","201.966","136.230","65.736","805"
"Niet bewoonde woningen","2012","Nederland","411.535","165.266","198.998","78.896","120.102","47.271"
"Niet bewoonde woningen","2013","Nederland","394.193","157.655","201.914","79.847","122.067","34.624"
"Niet bewoonde woningen","2014","Nederland","392.152","150.729","200.038","75.058","124.980","41.385"
"Niet bewoonde woningen","2015","Nederland","376.735","147.604","187.186","70.391","116.795","41.945"
"Niet bewoonde woningen","2016","Nederland","365.139","142.027","179.707","62.953","116.754","43.405"
"Niet bewoonde woningen","2017","Nederland","355.034","132.856","181.234","62.153","119.081","40.944"
"Niet bewoonde woningen","2018","Nederland","342.930","126.167","180.690","60.873","119.817","36.073"
"Niet bewoonde woningen","2019","Nederland","345.556","139.578","197.078","70.679","126.399","8.900"
"Niet bewoonde woningen","2020","Nederland","344.199","137.837","199.811","69.683","130.128","6.551"
"Niet bewoonde woningen","2021","Nederland","350.755","133.052","212.044","77.515","134.529","5.659"
"Niet bewoonde woningen","2022","Nederland","340.957","129.729","205.959","76.314","129.645","5.269"
"Niet bewoonde woningen","2023","Nederland","348.086","136.895","206.383","75.621","130.762","4.808"
"Niet bewoonde woningen","2024","Nederland","347.658","138.203","205.239","75.313","129.926","4.216"
"Niet bewoonde woningen","2025","Nederland","357.637","144.351","209.280","75.394","133.886","4.006"
"Niet bewoonde woningen","2012","Groningen (PV)","14.386","5.393","7.204","3.210","3.994","1.789"
"Niet bewoonde woningen","2013","Groningen (PV)","13.917","5.169","7.292","3.362","3.930","1.456"
"Niet bewoonde woningen","2014","Groningen (PV)","13.793","5.032","7.436","3.334","4.102","1.325"
"Niet bewoonde woningen","2015","Groningen (PV)","13.316","4.833","7.443","3.807","3.636","1.040"
"Niet bewoonde woningen","2016","Groningen (PV)","13.078","4.682","7.229","3.582","3.647","1.167"
"Niet bewoonde woningen","2017","Groningen (PV)","12.810","4.331","7.148","3.325","3.823","1.331"
"Niet bewoonde woningen","2018","Groningen (PV)","12.490","4.052","7.155","3.235","3.920","1.283"
"Niet bewoonde woningen","2019","Groningen (PV)","12.926","4.485","7.761","3.640","4.121","680"
"Niet bewoonde woningen","2020","Groningen (PV)","12.873","4.437","7.870","3.486","4.384","566"
"Niet bewoonde woningen","2021","Groningen (PV)","12.920","4.175","8.547","3.769","4.778","198"
"Niet bewoonde woningen","2022","Groningen (PV)","13.249","4.253","8.735","3.747","4.988","261"
"Niet bewoonde woningen","2023","Groningen (PV)","14.279","4.462","9.600","4.291","5.309","217"
"Niet bewoonde woningen","2024","Groningen (PV)","14.361","4.546","9.612","4.272","5.340","203"
"Niet bewoonde woningen","2025","Groningen (PV)","14.982","4.668","10.110","4.364","5.746","204"
"Niet bewoonde woningen","2012","Fryslân (PV)","16.889","8.374","7.134","2.730","4.404","1.381"
"Niet bewoonde woningen","2013","Fryslân (PV)","15.762","7.790","7.123","2.828","4.295","849"
"Niet bewoonde woningen","2014","Fryslân (PV)","15.255","7.061","7.121","2.838","4.283","1.073"
"Niet bewoonde woningen","2015","Fryslân (PV)","15.040","6.854","6.964","2.542","4.422","1.222"
"Niet bewoonde woningen","2016","Fryslân (PV)","14.898","6.620","6.861","2.399","4.462","1.417"
"Niet bewoonde woningen","2017","Fryslân (PV)","14.269","6.326","6.586","2.375","4.211","1.357"
"Niet bewoonde woningen","2018","Fryslân (PV)","14.196","6.049","6.835","2.336","4.499","1.312"
"Niet bewoonde woningen","2019","Fryslân (PV)","14.102","6.600","7.206","2.695","4.511","296"
"Niet bewoonde woningen","2020","Fryslân (PV)","14.025","6.477","7.249","2.751","4.498","299"
"Niet bewoonde woningen","2021","Fryslân (PV)","14.211","6.209","7.748","2.908","4.840","254"
"Niet bewoonde woningen","2022","Fryslân (PV)","13.539","6.156","7.137","2.503","4.634","246"
"Niet bewoonde woningen","2023","Fryslân (PV)","13.740","6.351","7.162","2.298","4.864","227"
"Niet bewoonde woningen","2024","Fryslân (PV)","13.359","6.418","6.736","2.113","4.623","205"
"Niet bewoonde woningen","2025","Fryslân (PV)","13.590","6.604","6.790","2.244","4.546","196"
"Niet bewoonde woningen","2012","Drenthe (PV)","16.904","6.784","6.931","2.787","4.144","3.189"
"Niet bewoonde woningen","2013","Drenthe (PV)","11.494","5.071","5.190","2.002","3.188","1.233"
"Niet bewoonde woningen","2014","Drenthe (PV)","11.966","4.888","5.752","2.020","3.732","1.326"
"Niet bewoonde woningen","2015","Drenthe (PV)","11.336","4.732","5.352","1.990","3.362","1.252"
"Niet bewoonde woningen","2016","Drenthe (PV)","10.486","4.564","4.753","1.613","3.140","1.169"
"Niet bewoonde woningen","2017","Drenthe (PV)","9.644","4.194","4.384","1.543","2.841","1.066"
"Niet bewoonde woningen","2018","Drenthe (PV)","9.547","3.947","4.615","1.643","2.972","985"
"Niet bewoonde woningen","2019","Drenthe (PV)","9.473","4.167","5.122","2.276","2.846","184"
"Niet bewoonde woningen","2020","Drenthe (PV)","8.846","3.749","5.029","2.213","2.816","68"
"Niet bewoonde woningen","2021","Drenthe (PV)","8.755","3.614","5.078","2.475","2.603","63"
"Niet bewoonde woningen","2022","Drenthe (PV)","8.369","3.479","4.835","2.282","2.553","55"
"Niet bewoonde woningen","2023","Drenthe (PV)","8.847","3.686","5.107","2.318","2.789","54"
"Niet bewoonde woningen","2024","Drenthe (PV)","8.660","3.746","4.865","2.146","2.719","49"
"Niet bewoonde woningen","2025","Drenthe (PV)","8.482","3.719","4.740","1.950","2.790","23"
"Niet bewoonde woningen","2012","Overijssel (PV)","25.385","10.599","12.371","5.434","6.937","2.415"
"Niet bewoonde woningen","2013","Overijssel (PV)","24.201","9.992","12.275","5.497","6.778","1.934"
"Niet bewoonde woningen","2014","Overijssel (PV)","23.139","9.102","11.314","4.956","6.358","2.723"
"Niet bewoonde woningen","2015","Overijssel (PV)","22.210","8.986","10.490","4.859","5.631","2.734"
"Niet bewoonde woningen","2016","Overijssel (PV)","21.462","8.630","10.427","4.578","5.849","2.405"
"Niet bewoonde woningen","2017","Overijssel (PV)","20.611","8.089","10.097","4.338","5.759","2.425"
"Niet bewoonde woningen","2018","Overijssel (PV)","19.839","7.766","10.037","3.994","6.043","2.036"
"Niet bewoonde woningen","2019","Overijssel (PV)","20.425","8.772","11.292","4.447","6.845","361"
"Niet bewoonde woningen","2020","Overijssel (PV)","20.143","8.745","11.210","4.251","6.959","188"
"Niet bewoonde woningen","2021","Overijssel (PV)","20.178","8.321","11.706","4.710","6.996","151"
"Niet bewoonde woningen","2022","Overijssel (PV)","19.456","8.146","11.167","4.510","6.657","143"
"Niet bewoonde woningen","2023","Overijssel (PV)","20.492","8.555","11.816","4.788","7.028","121"
"Niet bewoonde woningen","2024","Overijssel (PV)","20.402","8.925","11.356","4.341","7.015","121"
"Niet bewoonde woningen","2025","Overijssel (PV)","21.078","9.222","11.765","4.520","7.245","91"
"Niet bewoonde woningen","2012","Flevoland (PV)","6.425","2.720","2.590","997","1.593","1.115"
"Niet bewoonde woningen","2013","Flevoland (PV)","6.438","2.592","3.297","1.102","2.195","549"
"Niet bewoonde woningen","2014","Flevoland (PV)","6.255","2.514","3.467","947","2.520","274"
"Niet bewoonde woningen","2015","Flevoland (PV)","6.066","2.481","3.225","943","2.282","360"
"Niet bewoonde woningen","2016","Flevoland (PV)","4.914","2.090","2.541","834","1.707","283"
"Niet bewoonde woningen","2017","Flevoland (PV)","4.752","1.890","2.585","761","1.824","277"
"Niet bewoonde woningen","2018","Flevoland (PV)","4.700","1.872","2.520","794","1.726","308"
"Niet bewoonde woningen","2019","Flevoland (PV)","4.899","1.984","2.870","1.051","1.819","45"
"Niet bewoonde woningen","2020","Flevoland (PV)","5.388","2.233","3.119","1.073","2.046","36"
"Niet bewoonde woningen","2021","Flevoland (PV)","5.351","2.054","3.261","1.125","2.136","36"
"Niet bewoonde woningen","2022","Flevoland (PV)","5.057","1.980","3.039","1.079","1.960","38"
"Niet bewoonde woningen","2023","Flevoland (PV)","5.526","2.235","3.261","1.139","2.122","30"
"Niet bewoonde woningen","2024","Flevoland (PV)","5.582","2.112","3.436","1.221","2.215","34"
"Niet bewoonde woningen","2025","Flevoland (PV)","5.921","2.311","3.574","1.334","2.240","36"
"Niet bewoonde woningen","2012","Gelderland (PV)","42.935","17.356","17.850","6.877","10.973","7.729"
"Niet bewoonde woningen","2013","Gelderland (PV)","42.473","16.386","20.177","7.559","12.618","5.910"
"Niet bewoonde woningen","2014","Gelderland (PV)","40.844","15.728","19.187","6.348","12.839","5.929"
"Niet bewoonde woningen","2015","Gelderland (PV)","40.067","15.620","18.541","6.636","11.905","5.906"
"Niet bewoonde woningen","2016","Gelderland (PV)","39.475","15.063","18.003","5.930","12.073","6.409"
"Niet bewoonde woningen","2017","Gelderland (PV)","37.504","14.038","17.105","5.217","11.888","6.361"
"Niet bewoonde woningen","2018","Gelderland (PV)","33.907","13.119","16.635","5.316","11.319","4.153"
"Niet bewoonde woningen","2019","Gelderland (PV)","33.433","14.495","17.922","6.701","11.221","1.016"
"Niet bewoonde woningen","2020","Gelderland (PV)","32.621","14.491","17.739","5.939","11.800","391"
"Niet bewoonde woningen","2021","Gelderland (PV)","33.170","14.044","18.822","6.961","11.861","304"
"Niet bewoonde woningen","2022","Gelderland (PV)","32.215","13.822","18.141","6.589","11.552","252"
"Niet bewoonde woningen","2023","Gelderland (PV)","34.320","14.880","19.199","6.690","12.509","241"
"Niet bewoonde woningen","2024","Gelderland (PV)","34.333","14.950","19.189","6.643","12.546","194"
"Niet bewoonde woningen","2025","Gelderland (PV)","34.555","15.496","18.856","6.522","12.334","203"
"Niet bewoonde woningen","2012","Utrecht (PV)","26.581","10.426","12.269","4.507","7.762","3.886"
"Niet bewoonde woningen","2013","Utrecht (PV)","26.090","9.990","12.910","4.627","8.283","3.190"
"Niet bewoonde woningen","2014","Utrecht (PV)","24.114","8.928","12.233","4.555","7.678","2.953"
"Niet bewoonde woningen","2015","Utrecht (PV)","22.688","8.571","11.208","4.091","7.117","2.909"
"Niet bewoonde woningen","2016","Utrecht (PV)","22.191","8.317","10.840","3.699","7.141","3.034"
"Niet bewoonde woningen","2017","Utrecht (PV)","23.077","7.575","12.309","4.318","7.991","3.193"
"Niet bewoonde woningen","2018","Utrecht (PV)","21.737","7.397","11.247","3.759","7.488","3.093"
"Niet bewoonde woningen","2019","Utrecht (PV)","22.200","8.824","12.935","3.974","8.961","441"
"Niet bewoonde woningen","2020","Utrecht (PV)","21.644","8.523","12.851","4.083","8.768","270"
"Niet bewoonde woningen","2021","Utrecht (PV)","23.217","8.266","14.667","5.015","9.652","284"
"Niet bewoonde woningen","2022","Utrecht (PV)","22.739","8.146","14.345","5.020","9.325","248"
"Niet bewoonde woningen","2023","Utrecht (PV)","23.419","8.696","14.487","5.210","9.277","236"
"Niet bewoonde woningen","2024","Utrecht (PV)","22.515","8.555","13.783","4.870","8.913","177"
"Niet bewoonde woningen","2025","Utrecht (PV)","23.321","8.844","14.219","4.876","9.343","258"
"Niet bewoonde woningen","2012","Noord-Holland (PV)","69.596","26.105","37.326","15.284","22.042","6.165"
"Niet bewoonde woningen","2013","Noord-Holland (PV)","68.591","26.302","37.403","15.165","22.238","4.886"
"Niet bewoonde woningen","2014","Noord-Holland (PV)","67.940","25.418","37.217","13.778","23.439","5.305"
"Niet bewoonde woningen","2015","Noord-Holland (PV)","64.827","25.206","34.673","12.585","22.088","4.948"
"Niet bewoonde woningen","2016","Noord-Holland (PV)","63.870","23.951","34.589","11.309","23.280","5.330"
"Niet bewoonde woningen","2017","Noord-Holland (PV)","62.863","22.609","34.765","11.245","23.520","5.489"
"Niet bewoonde woningen","2018","Noord-Holland (PV)","63.646","22.237","36.422","12.562","23.860","4.987"
"Niet bewoonde woningen","2019","Noord-Holland (PV)","65.998","23.699","41.229","14.419","26.810","1.070"
"Niet bewoonde woningen","2020","Noord-Holland (PV)","65.938","23.922","41.027","13.674","27.353","989"
"Niet bewoonde woningen","2021","Noord-Holland (PV)","68.290","23.959","43.514","14.942","28.572","817"
"Niet bewoonde woningen","2022","Noord-Holland (PV)","67.561","23.299","43.354","15.746","27.608","908"
"Niet bewoonde woningen","2023","Noord-Holland (PV)","66.339","24.248","41.382","15.155","26.227","709"
"Niet bewoonde woningen","2024","Noord-Holland (PV)","65.712","24.185","40.870","15.358","25.512","657"
"Niet bewoonde woningen","2025","Noord-Holland (PV)","70.020","26.007","43.366","16.082","27.284","647"
"Niet bewoonde woningen","2012","Zuid-Holland (PV)","97.041","35.002","52.051","20.827","31.224","9.988"
"Niet bewoonde woningen","2013","Zuid-Holland (PV)","94.311","34.198","52.465","21.190","31.275","7.648"
"Niet bewoonde woningen","2014","Zuid-Holland (PV)","95.545","32.972","52.105","19.578","32.527","10.468"
"Niet bewoonde woningen","2015","Zuid-Holland (PV)","92.319","32.167","47.866","18.157","29.709","12.286"
"Niet bewoonde woningen","2016","Zuid-Holland (PV)","87.631","31.052","45.335","15.918","29.417","11.244"
"Niet bewoonde woningen","2017","Zuid-Holland (PV)","84.564","28.883","45.223","16.084","29.139","10.458"
"Niet bewoonde woningen","2018","Zuid-Holland (PV)","80.075","26.857","43.618","14.929","28.689","9.600"
"Niet bewoonde woningen","2019","Zuid-Holland (PV)","79.313","29.278","48.275","17.633","30.642","1.760"
"Niet bewoonde woningen","2020","Zuid-Holland (PV)","80.501","28.990","50.346","17.988","32.358","1.165"
"Niet bewoonde woningen","2021","Zuid-Holland (PV)","82.728","27.693","54.014","20.225","33.789","1.021"
"Niet bewoonde woningen","2022","Zuid-Holland (PV)","79.651","26.927","51.888","19.874","32.014","836"
"Niet bewoonde woningen","2023","Zuid-Holland (PV)","79.102","28.265","50.037","18.445","31.592","800"
"Niet bewoonde woningen","2024","Zuid-Holland (PV)","78.758","28.101","50.040","18.823","31.217","617"
"Niet bewoonde woningen","2025","Zuid-Holland (PV)","81.009","29.226","51.246","18.446","32.800","537"
"Niet bewoonde woningen","2012","Zeeland (PV)","18.498","9.847","7.629","1.916","5.713","1.022"
"Niet bewoonde woningen","2013","Zeeland (PV)","16.010","8.195","7.108","2.025","5.083","707"
"Niet bewoonde woningen","2014","Zeeland (PV)","16.303","8.193","6.913","1.791","5.122","1.197"
"Niet bewoonde woningen","2015","Zeeland (PV)","15.601","7.921","6.835","1.686","5.149","845"
"Niet bewoonde woningen","2016","Zeeland (PV)","15.672","8.002","6.613","1.549","5.064","1.057"
"Niet bewoonde woningen","2017","Zeeland (PV)","15.554","7.823","6.796","1.511","5.285","935"
"Niet bewoonde woningen","2018","Zeeland (PV)","15.490","7.567","6.951","1.481","5.470","972"
"Niet bewoonde woningen","2019","Zeeland (PV)","15.723","8.436","5.795","1.664","4.131","1.492"
"Niet bewoonde woningen","2020","Zeeland (PV)","16.140","8.097","6.472","1.902","4.570","1.571"
"Niet bewoonde woningen","2021","Zeeland (PV)","15.319","7.691","6.018","1.427","4.591","1.610"
"Niet bewoonde woningen","2022","Zeeland (PV)","14.982","7.777","5.782","1.430","4.352","1.423"
"Niet bewoonde woningen","2023","Zeeland (PV)","14.647","7.847","5.413","1.252","4.161","1.387"
"Niet bewoonde woningen","2024","Zeeland (PV)","15.336","8.309","5.776","1.360","4.416","1.251"
"Niet bewoonde woningen","2025","Zeeland (PV)","15.586","8.585","5.822","1.305","4.517","1.179"
"Niet bewoonde woningen","2012","Noord-Brabant (PV)","45.433","20.742","20.020","8.612","11.408","4.671"
"Niet bewoonde woningen","2013","Noord-Brabant (PV)","44.303","20.213","20.662","8.500","12.162","3.428"
"Niet bewoonde woningen","2014","Noord-Brabant (PV)","45.647","19.607","21.307","8.860","12.447","4.733"
"Niet bewoonde woningen","2015","Noord-Brabant (PV)","43.512","19.114","19.893","7.864","12.029","4.505"
"Niet bewoonde woningen","2016","Noord-Brabant (PV)","43.093","18.295","18.558","6.813","11.745","6.240"
"Niet bewoonde woningen","2017","Noord-Brabant (PV)","41.523","16.976","19.700","6.666","13.034","4.847"
"Niet bewoonde woningen","2018","Noord-Brabant (PV)","40.323","16.083","19.903","6.416","13.487","4.337"
"Niet bewoonde woningen","2019","Noord-Brabant (PV)","40.700","18.202","21.660","7.430","14.230","838"
"Niet bewoonde woningen","2020","Noord-Brabant (PV)","40.281","17.983","21.773","7.538","14.235","525"
"Niet bewoonde woningen","2021","Noord-Brabant (PV)","40.211","17.126","22.623","8.320","14.303","462"
"Niet bewoonde woningen","2022","Noord-Brabant (PV)","38.970","16.125","22.446","8.511","13.935","399"
"Niet bewoonde woningen","2023","Noord-Brabant (PV)","41.102","17.598","23.148","8.892","14.256","356"
"Niet bewoonde woningen","2024","Noord-Brabant (PV)","42.119","18.144","23.642","9.250","14.392","333"
"Niet bewoonde woningen","2025","Noord-Brabant (PV)","42.674","18.892","23.486","8.912","14.574","296"
"Niet bewoonde woningen","2012","Limburg (PV)","31.427","11.909","15.608","5.715","9.893","3.910"
"Niet bewoonde woningen","2013","Limburg (PV)","30.579","11.751","16.000","5.990","10.010","2.828"
"Niet bewoonde woningen","2014","Limburg (PV)","31.349","11.285","15.985","6.053","9.932","4.079"
"Niet bewoonde woningen","2015","Limburg (PV)","29.753","11.119","14.696","5.231","9.465","3.938"
"Niet bewoonde woningen","2016","Limburg (PV)","28.369","10.761","13.958","4.729","9.229","3.650"
"Niet bewoonde woningen","2017","Limburg (PV)","27.863","10.122","14.536","4.770","9.766","3.205"
"Niet bewoonde woningen","2018","Limburg (PV)","26.980","9.221","14.752","4.408","10.344","3.007"
"Niet bewoonde woningen","2019","Limburg (PV)","26.364","10.636","15.011","4.749","10.262","717"
"Niet bewoonde woningen","2020","Limburg (PV)","25.799","10.190","15.126","4.785","10.341","483"
"Niet bewoonde woningen","2021","Limburg (PV)","26.405","9.900","16.046","5.638","10.408","459"
"Niet bewoonde woningen","2022","Limburg (PV)","25.169","9.619","15.090","5.023","10.067","460"
"Niet bewoonde woningen","2023","Limburg (PV)","26.273","10.072","15.771","5.143","10.628","430"
"Niet bewoonde woningen","2024","Limburg (PV)","26.521","10.212","15.934","4.916","11.018","375"
"Niet bewoonde woningen","2025","Limburg (PV)","26.419","10.777","15.306","4.839","10.467","336"
"Bron: CBS."